"0","knitr::opts_chunk$set(echo = F, message = F, warning = F)"
"0","library(fpp3)"
"2","[30m-- [1mAttaching packages[22m ---------------------------------------------------------------------------------------------- fpp3 0.4.0 --[39m
"
"2","[30m[32mÃ¢Ë†Å¡[30m [34mtibble     [30m 3.1.6     [32mÃ¢Ë†Å¡[30m [34mtsibble    [30m 1.1.1
[32mÃ¢Ë†Å¡[30m [34mdplyr      [30m 1.0.8     [32mÃ¢Ë†Å¡[30m [34mtsibbledata[30m 0.4.0
[32mÃ¢Ë†Å¡[30m [34mtidyr      [30m 1.2.0     [32mÃ¢Ë†Å¡[30m [34mfeasts     [30m 0.2.2
[32mÃ¢Ë†Å¡[30m [34mlubridate  [30m 1.8.0     [32mÃ¢Ë†Å¡[30m [34mfable      [30m 0.3.1
[32mÃ¢Ë†Å¡[30m [34mggplot2    [30m 3.3.5     [39m
"
"2","[30m-- [1mConflicts[22m --------------------------------------------------------------------------------------------------- fpp3_conflicts --
[31mx[30m [34mlubridate[30m::[32mdate()[30m    masks [34mbase[30m::date()
[31mx[30m [34mdplyr[30m::[32mfilter()[30m      masks [34mstats[30m::filter()
[31mx[30m [34mtsibble[30m::[32mintersect()[30m masks [34mbase[30m::intersect()
[31mx[30m [34mtsibble[30m::[32minterval()[30m  masks [34mlubridate[30m::interval()
[31mx[30m [34mdplyr[30m::[32mlag()[30m         masks [34mstats[30m::lag()
[31mx[30m [34mtsibble[30m::[32msetdiff()[30m   masks [34mbase[30m::setdiff()
[31mx[30m [34mtsibble[30m::[32munion()[30m     masks [34mbase[30m::union()[39m
"
"0","library(tidyverse)"
"2","[30m-- [1mAttaching packages[22m ----------------------------------------------------------------------------------------- tidyverse 1.3.1 --[39m
"
"2","[30m[32mÃ¢Ë†Å¡[30m [34mreadr  [30m 2.1.2     [32mÃ¢Ë†Å¡[30m [34mstringr[30m 1.4.0
[32mÃ¢Ë†Å¡[30m [34mpurrr  [30m 0.3.4     [32mÃ¢Ë†Å¡[30m [34mforcats[30m 0.5.1[39m
"
"2","[30m-- [1mConflicts[22m -------------------------------------------------------------------------------------------- tidyverse_conflicts() --
[31mx[30m [34mlubridate[30m::[32mas.difftime()[30m masks [34mbase[30m::as.difftime()
[31mx[30m [34mlubridate[30m::[32mdate()[30m        masks [34mbase[30m::date()
[31mx[30m [34mdplyr[30m::[32mfilter()[30m          masks [34mstats[30m::filter()
[31mx[30m [34mtsibble[30m::[32mintersect()[30m     masks [34mlubridate[30m::intersect(), [34mbase[30m::intersect()
[31mx[30m [34mtsibble[30m::[32minterval()[30m      masks [34mlubridate[30m::interval()
[31mx[30m [34mdplyr[30m::[32mlag()[30m             masks [34mstats[30m::lag()
[31mx[30m [34mtsibble[30m::[32msetdiff()[30m       masks [34mlubridate[30m::setdiff(), [34mbase[30m::setdiff()
[31mx[30m [34mtsibble[30m::[32munion()[30m         masks [34mlubridate[30m::union(), [34mbase[30m::union()[39m
"
"0","library(fable)"
"0","library(kableExtra)"
"2","
Attaching package: â€˜kableExtraâ€™

"
"2","The following object is masked from â€˜package:dplyrâ€™:

    group_rows

"
